{
  "test_time": "2025-09-10 21:08:47",
  "system_info": {
    "cpu_count": 11,
    "memory_total_gb": 18.0,
    "python_version": "3.12"
  },
  "data_loading": [
    {
      "file": "train_vis.parquet",
      "size_mb": 65.65034008026123,
      "rows": 6506700,
      "cols": 5,
      "load_time": 0.24038982391357422,
      "memory_mb": 399.65625,
      "load_speed_mb_s": 273.09949735586173
    },
    {
      "file": "label_df.parquet",
      "size_mb": 4.601761817932129,
      "rows": 483117,
      "cols": 2,
      "load_time": 0.019433021545410156,
      "memory_mb": -93.265625,
      "load_speed_mb_s": 236.80114835353584
    },
    {
      "file": "item_attr.parquet",
      "size_mb": 15.241065979003906,
      "rows": 1924269,
      "cols": 3,
      "load_time": 0.008349180221557617,
      "memory_mb": 31.328125,
      "load_speed_mb_s": 1825.456580713327
    }
  ],
  "memory_optimization": {
    "original_memory_mb": 428.1639404296875,
    "optimized_memory_mb": 428.1639404296875,
    "reduction_percent": 0.0
  },
  "vectorization": {
    "traditional_time": 0.004793882369995117,
    "vectorized_time": 0.0015790462493896484,
    "speedup": 3.0359353767174997
  }
}